id,name,model_id:id,group_id:id,perm_read,perm_write,perm_create,perm_unlink
access_clinicapablo_client,clinicapablo.client,model_clinicapablo_client,base.group_user,1,1,1,1
access_clinicapablo_register,clinicapablo.register,model_clinicapablo_register,base.group_user,1,1,1,1
access_clinicapablo_treatment,clinicapablo.treatment,model_clinicapablo_treatment,base.group_user,1,1,1,1
access_clinicapablo_session,clinicapablo.session,model_clinicapablo_session,base.group_user,1,1,1,1
access_clinicapablo_professional,clinicapablo.professional,model_clinicapablo_professional,base.group_user,1,1,1,1
access_clinicapablo_technique,clinicapablo.technique,model_clinicapablo_technique,base.group_user,1,1,1,1